<?xml version="1.0" encoding="UTF-8" standalone="yes"?>
<?xml-stylesheet type="text/xsl" href="modx.prosilver.en.xsl"?>
<!--NOTICE: Please open this file in your web browser. If presented with a security warning, you may safely tell it to allow the blocked content.-->
<!--For security purposes, please check: http://www.phpbb.com/mods/ for the latest version of this MOD.\nAlthough MODs are checked before being allowed in the MODs Database there is no guarantee that there are no security problems within the MOD.\nNo support will be given for MODs not found within the MODs Database which can be found at http://www.phpbb.com/mods/-->
<mod xmlns:xsi="http://www.w3.org/2001/XMLSchema-instance" xmlns="http://www.phpbb.com/mods/xml/modx-1.2.5.xsd">
	<header>
		<meta name="generator" content="MODX file generated with PP MODX Creator by tumba25 (online version)"/>
		<license><![CDATA[http://opensource.org/licenses/gpl-license.php GNU General Public License v2]]></license>
		<title lang="en"><![CDATA[qtip2 yoututbe previews 0.9.0 with NO bbcodes]]></title>
		<description lang="en"><![CDATA[a mod that uses the jquery qtip 2 plugin to show a fast loading preview of a youtube video.

these bits of codes are pretty much copy and pastes of the http://craigsworks.com/projects/qtip2/demos/

while working and functional they primarily a proof of concept mod showing how easily qtip2 can be used in phpbb3 to expand it's core functionality.]]></description>
		<author-notes lang="en"><![CDATA[depending on the version of this mod you might need to use custom bbcodes for this to work.

normal link

[ypreview]{URL}[/ypreview]

<a class="ypreview" href="{URL}">{URL}</a>

[ypreview]www.youtubevideohere.com[/ypreview]

-------

link with custom description

[ypreview={SIMPLETEXT}]{URL}[/ypreview]

<a class="ypreview" href="{URL}">{SIMPLETEXT}</a>

[ypreview=text here]www.youtubevideohere.com[/ypreview]


-------

creates a videothumbnail

[ypreviewT]{IDENTIFIER}[/ypreviewT]

<a class="ypreview" href="http://www.youtube.com/watch?v={IDENTIFIER}"><img style="width: 100px; border:1px solid black;" src="http://i.ytimg.com/vi/{IDENTIFIER}/default.jpg" alt="YouTube"    /></a>

[ypreviewT]video ID[/ypreviewT]

For Vimeo Videos

-------

[vpreview]{URL}[/vpreview]

<a class="vpreview" href="{URL}">{URL}</a>

[vpreview]vimeo link[/vpreview]

-------

[vpreview={SIMPLETEXT}]{URL}[/vpreview]

<a class="vpreview" href="{URL}">{SIMPLETEXT}</a>

[vpreview=text here]vimeo link here[/vpreview]]]></author-notes>
		<author-group>
			<author>
				<username><![CDATA[randomessence]]></username>
			</author>
		</author-group>
		<mod-version>0.8.9</mod-version>
		<installation>
			<level>easy</level>
			<time>60</time>
			<target-version>3.0.10</target-version>
		</installation>
		<history>
			<entry>
				<date>2012-01-21</date>
				<rev-version>0.7.0</rev-version>
				<changelog lang="en">
					<change><![CDATA[a working mod no major bugs]]></change>
				</changelog>
			</entry>
			<entry>
				<date>2012-01-22</date>
				<rev-version>0.8.0</rev-version>
				<changelog lang="en">
					<change><![CDATA[tweaked install.xml]]></change>
				</changelog>
			</entry>
			<entry>
				<date>2012-01-22</date>
				<rev-version>0.8.5</rev-version>
				<changelog lang="en">
					<change><![CDATA[tweaked install.xml added {ROOT_PATH]]></change>
				</changelog>
			</entry>
			<entry>
				<date>2012-05-30</date>
				<rev-version>0.8.6</rev-version>
				<changelog lang="en">
					<change><![CDATA[updated script]]></change>
				</changelog>
			</entry>
			<entry>
				<date>2012-01-23</date>
				<rev-version>0.8.6</rev-version>
				<changelog lang="en">
					<change><![CDATA[updated scripts, fixed a bug with href link]]></change>
				</changelog>
			</entry>
			<entry>
				<date>2012-06-02</date>
				<rev-version>0.8.8</rev-version>
				<changelog lang="en">
					<change><![CDATA[updated qtip, updated youtube script for new and more]]></change>
				</changelog>
			</entry>
			<entry>
				<date>2012-07-24</date>
				<rev-version>0.8.9</rev-version>
				<changelog lang="en">
					<change><![CDATA[updated qtip 2]]></change>
					<change><![CDATA[0.9.0 added vimeo preview support]]></change>
				</changelog>
			</entry>
		</history>
	</header>
	<action-group>
		<copy>
			<file from="root/*.*" to="*.*"/>
			<file from="root/styles/prosilver/template/qtip2/*.*" to="styles/prosilver/template/qtip2/*.*"/>
		</copy>
		<open src="styles/prosilver/template/overall_header.html">
			<edit>
				<find><![CDATA[<head>]]></find>
				<action type="after-add"><![CDATA[<script type="text/javascript">
// ]]>&lt;![CDATA[<![CDATA[
!window.jQuery && document.write('<script type="text\/javascript" src="{ROOT_PATH}js/jquery/jquery-1.7.2.min.js"><\/script>');
// ]]>]]&gt;<![CDATA[
</script>]]></action>
			</edit>
			<edit>
				<find><![CDATA[</head>]]></find>
				<action type="before-add"><![CDATA[<script type="text/javascript" src="http://a.vimeocdn.com/js/froogaloop2.min.js"></script>
<script type="text/javascript" src="http://www.youtube.com/player_api"></script>
<script type="text/javascript" src="{ROOT_PATH}js/qtip2/js/jquery.qtip.min.js"></script>
<link type="text/css" rel="stylesheet" href="{ROOT_PATH}js/qtip2/css/jquery.qtip.css" />
<script type="text/javascript" src="{T_TEMPLATE_PATH}/qtip2/ypreviewnobbcode.js"></script>
<script type="text/javascript" src="{T_TEMPLATE_PATH}/qtip2/vpreviewnobbcode.js"></script>]]></action>
			</edit>
		</open>
		<diy-instructions lang="en"><![CDATA[depending on the version of this mod you might need to use custom bbcodes for this to work.

normal link

[ypreview]{URL}[/ypreview]

<a class="ypreview" href="{URL}">{URL}</a>

[ypreview]www.youtubevideohere.com[/ypreview]

-------

link with custom description

[ypreview={SIMPLETEXT}]{URL}[/ypreview]

<a class="ypreview" href="{URL}">{SIMPLETEXT}</a>

[ypreview=text here]www.youtubevideohere.com[/ypreview]


-------

creates a videothumbnail

[ypreviewT]{IDENTIFIER}[/ypreviewT]

<a class="ypreview" href="http://www.youtube.com/watch?v={IDENTIFIER}"><img style="width: 100px; border:1px solid black;" src="http://i.ytimg.com/vi/{IDENTIFIER}/default.jpg" alt="YouTube"    /></a>

[ypreviewT]video ID[/ypreviewT]

For Vimeo Videos

-------

[vpreview]{URL}[/vpreview]

<a class="vpreview" href="{URL}">{URL}</a>

[vpreview]vimeo link[/vpreview]

-------

[vpreview={SIMPLETEXT}]{URL}[/vpreview]

<a class="vpreview" href="{URL}">{SIMPLETEXT}</a>

[vpreview=text here]vimeo link here[/vpreview]]]></diy-instructions>
	</action-group>
</mod>
